ts	phase	decision	why	evidence	result
2026-08-30T16:07:36Z	frame	Define Prepare as complete only when an explicit Profile-scoped selection produces validated per-job bundles and Apply consumes those bundles without submission during verification	The product boundary must separate score eligibility, material approval, generation, and submission in a way tests and real files can prove	CONTEXT.md:51	baseline framed
2026-08-30T16:07:36Z	baseline	Capture the pre-change CLI, test suite, Denny job counts, resume bank, and golden resume page count	The migration needs a known starting state before deleting Tailor and Cover paths	55 tests passed; CLI lists tailor cover pdf stages; Denny DB has 19 jobs and no generated legacy materials; golden resume has 2 pages	VERIFIED
2026-08-30T16:31:00Z	ground	Trace material generation and Apply handoff	The migration must remove all legacy callers in one wave	database.py stores flat Tailor/Cover fields; pipeline.py invokes three API-era stages; apply/launcher.py and apply/prompt.py reconstruct sibling files from tailored_resume_path	VERIFIED
2026-08-30T16:31:00Z	architect	Choose transactional selection tables plus a validated bundle manifest	A Profile JSON selection would split approval and job state across non-atomic stores	docs/specs/2026-08-30-prepare-pipeline-design.md State model decision	ACCEPTED
2026-08-31T03:25:00Z	implement	Migrate Tailor Cover and PDF callers in one wave to an explicit Prepare boundary	Keeping both workflows would leave two sources of truth and retain unsafe fabrication behavior	preparation.py; CLI queue/select/selected/write; Apply manifest loader; API-era modules deleted	ACCEPTED
2026-08-31T03:31:00Z	test	Prove exact selection bundle validation Profile containment multi-job completion and Apply loading	The approval boundary and handoff are the highest-risk behavior	77 tests pass; 22 focused Prepare tests pass; focused Ruff passes	VERIFIED
2026-08-31T03:37:00Z	verify	Drive Prepare through a disposable Denny Profile and the non-submitting Apply handoff	Unit tests do not prove CLI file and database side effects	.verify/verify-applypilot/20260831T033329Z; prepare-write exit 0; apply --gen exit 0; null apply_status and applied_at	VERIFIED
2026-08-31T08:20:00Z	review	Accept Comment Sicko findings for selection authorization cover generation rendered text bundle integrity and terminal failures	Each finding crossed an approval factuality or lifecycle boundary	Exact active-selection check; prepared-only cover content; resume and cover text artifacts; SHA-256 plus real PDF parsing; prepare-fail state	ACCEPTED
2026-08-31T08:45:00Z	verify	Repeat Prepare proof after accepted review fixes on a fresh disposable Denny Profile	The final design needs real CLI and persistence evidence after the fixes	.verify/verify-applypilot/20260831T084218Z; 81 tests; score-6 queue; exact selection; 2-page PDF; bundle digest; apply --gen; completed_with_failures	VERIFIED
